ID,Название,Авторы,Издатель,Год выпуска,Платформа,Жанр,Дата выхода,Графика,Музыка,Язык интерфейса,Описание,Имя файла 1,Описание файла 1,Имя файла 2,Описание файла 2,Имя файла 3,Описание файла 3,Имя файла 4,Описание файла 4,Имя файла 5,Описание файла 5,Скриншот 1,Скриншот 2,Скриншот 3,Скриншот 4,Скриншот 5,Скриншот 6,Скриншот 7,Скриншот 8,Скриншот 9,Скриншот 10,Скриншот 11,Скриншот 12,Ссылка на страницу,Дата добавления,Видео,Исходники,ГитХаб,Демопати,Компо,Место
4000100,200%,reddie,Otomata Labs,2025,БК0011М,demo,november 2025,,,,"Порт спектрумовской программы ""200%"" авторства Otomata Labs. - БК-0011М с родной частотой проца (4МГц) - контроллер SMK-512 (доп. ОЗУ, дисковод/готек) - 2xAY (поддержаны TurboSound, GryphonSound) - желателен видеовывод с родной кадровой частотой (в эмуляторе поставить рефреш монитора 49/98/147 Гц, если монитор поддерживает такие частоты обновления) Текущая версия работает только с дисковода/готека, либо образа дискеты, вмонтированного в образ CF. Образ загрузочный, не содержит никаких ДОСов. Демка является хорошим стресс-тестом режимов SMK512, проверялась на нескольких экземплярах БК0011М, но может не заработать на конкретно вашей машине (в эмуляторе от gid работает, но некорректно завершает работу: по клавише СТОП должна следовать загрузка с образа на CF-карте, а вместо этого вываливается в монитор. На реальном БК по СТОП грузится с CF) Удержание любой клавиши во время загрузки вызывает дополнительную информацию об авторах. Удачи!",200PERCENT.ZIP,,,,,,,,,,photo_2026-02-18_02-43-05.jpg,,,,,,,,,,,,,18.02.26,https://youtu.be/YevwikPwSDM ,,,,,
3000101,let's party!,reddie,,2025,БК0010 (11М),256b,july 2025,,,,,let_s_party_.zip,,,,,,,,,,00104462.png,,,,,,,,,,,,https://www.pouet.net/prod.php?which=104462,17.02.26,https://youtu.be/Tp6mieHctZw,В архиве,,DiHALT Summer 2025,combined 256b,5
3000100,Spline Bubbles,Насыров Дамир (Damir Nasyroff/Adam Bazaroff),Excess Team,2025,БК0010 (11М),128b,july 2025,,,,,spline_bubbles.zip,,,,,,,,,,00104515.jpg,,,,,,,,,,,,https://www.pouet.net/prod.php?which=104515,17.02.26,https://youtu.be/HPRySHN_uhk,В архиве,,DiHALT Summer 2025,combined 256b,3
3000106,azBKmiga!,Насыров Дамир (Damir Nasyroff/Adam Bazaroff),Excess Team,2025,БК0010 (11М),256b,may 2025,,,,,azbkmiga_.zip,,,,,,,,,,00104122.png,,,,,,,,,,,,https://www.pouet.net/prod.php?which=104122,17.02.26,https://www.youtube.com/watch?v=TIKQGJf4Dtc,В архиве,,Multimatograf 2025,combined 256b,3
3000105,bad tape,reddie,,2025,БК0010 (11М),256b,may 2025,,,,,bad_tape.zip,,,,,,,,,,00104127.png,,,,,,,,,,,,https://www.pouet.net/prod.php?which=104127,17.02.26,https://www.youtube.com/watch?v=9nggOm28ZWc,В архиве,,Multimatograf 2025,oldskool 256b,5
3000102,BK3D.ENGINE,Dmitry Apraksin,Dmitry Apraksin,2025,БК0010 (11М),game,may 2025,,,,,bk3d.engine.zip,,,,,,,,,,00104167.png,,,,,,,,,,,,https://www.pouet.net/prod.php?which=104167,17.02.26,https://www.youtube.com/watch?v=T_s90V4yfp0,В архиве,,Multimatograf 2025,wild demo,1
3000103,Endless,Александр Тишин (Sandro),,2025,БК0010 (11М),256b,may 2025,,,,,endless.zip,,,,,,,,,,00104163.png,,,,,,,,,,,,https://www.pouet.net/prod.php?which=104163,17.02.26,,В архиве,,Multimatograf 2025,oldskool 256b,2
3000107,Organism,Владимир Кутяков (KUVO),CAROLINE SOFTWARE,2025,БК0010 (11М),256b,may 2025,,,,,organism_by_KUVO.zip,,,,,,,,,,00104108.png,,,,,,,,,,,,https://www.pouet.net/prod.php?which=104108,17.02.26,https://youtu.be/MbrjYnaTlek?si=2GuHPjKV6Nt38BaR,В архиве,,Multimatograf 2025,oldskool 256b,1
3000104,overclocked,reddie,,2025,БК0010 (11М),256b,may 2025,,,,,overclocked.zip,,,,,,,,,,00104130.png,,,,,,,,,,,,https://www.pouet.net/prod.php?which=104130,17.02.26,https://www.youtube.com/watch?v=C4El2cycHGA,В архиве,,Multimatograf 2025,oldskool 256b,4
3000109,Bit tired,Владимир Кутяков (KUVO),CAROLINE SOFTWARE,2025,БК0010 (11М),demo,january 2025,,,,,bittired_by_CSI.zip,,,,,,,,,,00102948.jpg,,,,,,,,,,,,https://www.pouet.net/prod.php?which=102948,17.02.26,https://www.youtube.com/watch?v=NOeGDYrougs,В архиве,,DiHALT Winter 2025,lowend demo,1
3000108,HNY 2025!,"Насыров Дамир (Damir Nasyroff/Adam Bazaroff), n1k-o","Excess Team, Stardust",2025,БК0010 (11М),demo,january 2025,,,,,hny25.zip,,,,,,,,,,00102970.png,,,,,,,,,,,,https://www.pouet.net/prod.php?which=102970,17.02.26,https://www.youtube.com/watch?v=UQS8Bt8B6Yo,,,DiHALT Winter 2025,lowend demo,2
3000110,BK3D.Arena,Dmitry Apraksin,Dmitry Apraksin,2024,БК0010 (11М),game,august 2024,,,,,bk3d.arena.zip,,,,,,,,,,00097644.jpg,,,,,,,,,,,,https://www.pouet.net/prod.php?which=97644,17.02.26,https://www.youtube.com/watch?v=J_QhI2RmWzg,,,Chaos Constructions 2024,gamedev,1
3000111,Flight 256,Владимир Кутяков (KUVO),CAROLINE SOFTWARE,2024,БК0010 (11М),256b,july 2024,,,,,flight_256_by_KUVO.zip,,,,,,,,,,00097402.png,,,,,,,,,,,,https://www.pouet.net/prod.php?which=97402,17.02.26,https://www.youtube.com/watch?v=yC4BmZlJEH8,В архиве,,DiHALT Summer 2024,oldskool 256b,1
3000112,Babylona,"purplesyringa, Мачуговский А. (Manwe/SandS), Made","SandS, Bomb",2024,БК0010 (11М),16k,may 2024,,,,,sands-and-bomb-babylona.zip,,,,,,,,,,00104947.png,,,,,,,,,,,,https://www.pouet.net/prod.php?which=104947,17.02.26,,Ссылка,https://github.com/Manwe-SandS/Babylona,,,
3000115,AR1,Dmitry Apraksin,Dmitry Apraksin,2024,БК0010 (11М),4k,april 2024,,,,,ar1.zip,,,,,,,,,,00096910.jpg,,,,,,,,,,,,https://www.pouet.net/prod.php?which=96910,17.02.26,https://www.youtube.com/watch?v=9NHngXWsVIg,,,Multimatograf 2024,combined 4k,1
3000114,FLAT COLORS,"Насыров Дамир (Damir Nasyroff/Adam Bazaroff), dimidus, Grongy, Владимир Кутяков (KUVO)",Excess Team,2024,БК0010 (11М),demo,april 2024,,,,,flat_colors.zip,,,,,,,,,,00096912.png,,,,,,,,,,,,https://www.pouet.net/prod.php?which=96912,17.02.26,https://www.youtube.com/watch?v=noZUrjuKWEQ,,,Multimatograf 2024,oldskool demo,2
3000113,Floor,Александр Тишин (Sandro),,2024,БК0011М,16k,april 2024,,,,Real-time Floor: texturing on BK-0011M,floor.zip,,,,,,,,,,00096917.jpg,,,,,,,,,,,,https://www.pouet.net/prod.php?which=96917,17.02.26,https://www.youtube.com/watch?v=H6TtlyPDAj0,,,Multimatograf 2024,oldskool demo,4
3000116,Siiight,Владимир Кутяков (KUVO),CAROLINE SOFTWARE,2024,БК0010 (11М),procedural graphics,april 2024,,,,,SIIIGHT_by_CSI.zip,,,,,,,,,,00096894.png,,,,,,,,,,,,https://www.pouet.net/prod.php?which=96894,17.02.26,https://youtu.be/-ygByncVtqU,В архиве,,Multimatograf 2024,wild demo,2
3000117,BK flag,Владимир Кутяков (KUVO),CAROLINE SOFTWARE,2024,БК0010 (11М),256b,february 2024,,,,,BK_flag.zip,,,,,,,,,,00096146.png,,,,,,,,,,,,https://www.pouet.net/prod.php?which=96146,17.02.26,https://youtu.be/uEg5c33EeMk,В архиве,,Lovebyte 2024,oldskool 256b,16
3000121,Alien ray 256,Владимир Кутяков (KUVO),CAROLINE SOFTWARE,2024,БК0010 (11М),256b,january 2024,,,,,alien_ray_by_CSI.zip,,,,,,,,,,00095812.png,,,,,,,,,,,,https://www.pouet.net/prod.php?which=95812,17.02.26,https://youtu.be/V_LFzjeieNw,В архиве,,DiHALT Winter 2024,oldskool 256b,3
3000120,Color Diamond 64b,Насыров Дамир (Damir Nasyroff/Adam Bazaroff),Excess Team,2024,БК0010 (11М),64b,january 2024,,,,,64_byte_intro__color_diamond_.zip,,,,,,,,,,00095817.jpg,,,,,,,,,,,,https://www.pouet.net/prod.php?which=95817,17.02.26,https://www.youtube.com/watch?v=5X1-KDBIjKI,В архиве,,DiHALT Winter 2024,oldskool 256b,4
3000122,Festive city 256,Владимир Кутяков (KUVO),CAROLINE SOFTWARE,2024,БК0010 (11М),256b,january 2024,,,,,festive_city_by_CSI.zip,,,,,,,,,,00095811.png,,,,,,,,,,,,https://www.pouet.net/prod.php?which=95811,17.02.26,https://youtu.be/zcoUaB0rWDw,В архиве,,DiHALT Winter 2024,oldskool 256b,2
3000119,Grids,Александр Тишин (Sandro),,2024,БК0010 (11М),256b,january 2024,,,,,grids.zip,,,,,,,,,,00095840.png,,,,,,,,,,,,https://www.pouet.net/prod.php?which=95840,17.02.26,https://www.youtube.com/watch?v=QQTFmzPgLgM,,,DiHALT Winter 2024,oldskool 256b,5
3000118,Magic Carpet v2,NiOl,NmG,2024,БК0010 (11М),512b,january 2024,,,,,magic_carpet_v2.zip,,,,,,,,,,00095843.jpg,,,,,,,,,,,,https://www.pouet.net/prod.php?which=95843,17.02.26,,,,DiHALT Winter 2024,oldskool intro,1
3000125,'Forgotten AY' music release 2023,Владимир Кутяков (KUVO),CAROLINE SOFTWARE,2023,БК0010 (11М),musicdisk,december 2023,,,,,FAY_by_KUVO.zip,,,,,,,,,,00095621.png,,,,,,,,,,,,https://www.pouet.net/prod.php?which=95621,17.02.26,https://youtu.be/LyqL0_MefUM,В архиве,,,,
3000123,Christmas Diamonds,NiOl,,2023,БК0010 (11М),64b,december 2023,,,,,niol_bk0010_asm_vc3-2023.zip,,,,,,,,,,00095768.png,,,,,,,,,,,,https://www.pouet.net/prod.php?which=95768,17.02.26,,В архиве,,VCCC 2023,combined intro,26
3000124,Christmas Diamonds,Sergey Pavlov,Ufasoft,2023,БК0010 (11М),32b,december 2023,,,,,sergey-pavlov_bk-0010-01_macro-11-asm_vc3-2023.zip,,,,,,,,,,00095751.png,,,,,,,,,,,,https://www.pouet.net/prod.php?which=95751,17.02.26,https://www.youtube.com/watch?v=RGv2u6epVTY,В архиве,,VCCC 2023,combined intro,19
3000126,Sight 2 musical coloring book,Владимир Кутяков (KUVO),CAROLINE SOFTWARE,2023,БК0010 (11М),procedural graphics,september 2023,,,,,sight2_by_KUVO.zip,,,,,,,,,,00095210.png,,,,,,,,,,,,https://www.pouet.net/prod.php?which=95210,17.02.26,https://youtu.be/uoEIJv9IJnU,В архиве,,,,
3000127,Grachister,Насыров Дамир (Damir Nasyroff/Adam Bazaroff),Excess Team,2023,БК0010 (11М),256b,august 2023,,,,,gr256b-bk0010.zip,,,,,,,,,,00095845.png,,,,,,,,,,,,https://www.pouet.net/prod.php?which=95845,17.02.26,https://www.youtube.com/watch?v=m9FdqkVChwU,В архиве,,Demodulation 2023,oldskool 256b,2
3000128,LeCSIcon demo 2023,Владимир Кутяков (KUVO),CAROLINE SOFTWARE,2023,БК0010 (11М),demo,august 2023,,,,,leCSIcon_demo_2023_by_CSI.zip,,,,,,,,,,00094851.png,,,,,,,,,,,,https://www.pouet.net/prod.php?which=94851,17.02.26,https://youtu.be/oDtyFgQ93MU,В архиве,,Demodulation 2023,oldskool demo,1
3000129,Sight draw demo 2023,Владимир Кутяков (KUVO),CAROLINE SOFTWARE,2023,БК0010 (11М),procedural graphics,march 2023,,,,,sight_draw_demo_by_KUVO.zip,,,,,,,,,,00093998.png,,,,,,,,,,,,https://www.pouet.net/prod.php?which=93998,17.02.26,https://www.youtube.com/watch?v=j7WzYKCjAfw,В архиве,,,,
3000130,Stop smoking! 256,Владимир Кутяков (KUVO),CAROLINE SOFTWARE,2023,БК0010 (11М),256b,february 2023,,,,,stopsmok_256_by_KUVO.zip,,,,,,,,,,00093669.png,,,,,,,,,,,,https://www.pouet.net/prod.php?which=93669,17.02.26,https://youtu.be/0JTDbbwtd90,В архиве,,Lovebyte 2023,oldskool 256b,10
3000134,10 PRINT for BK0010,Александр Тишин (Sandro),,2023,БК0010 (11М),32b,january 2023,,,,,10-print-16byte-by-atishin.zip,,,,,,,,,,00093759.png,,,,,,,,,,,,https://www.pouet.net/prod.php?which=93759,17.02.26,https://youtu.be/EbVVbO3I1fs,В архиве,,Lovebyte 2023,oldskool 16b,18
3000133,Color Lines 32b,Насыров Дамир (Damir Nasyroff/Adam Bazaroff),Excess Team,2023,БК0010 (11М),32b,january 2023,,,,,color-lines-32b-for-bk0010.zip,,,,,,,,,,00093766.jpg,,,,,,,,,,,,https://www.pouet.net/prod.php?which=93766,17.02.26,https://youtu.be/b3w056bZYAk,В архиве,,Lovebyte 2023,oldskool 32b,4
3000132,Fat10Print 32b,Насыров Дамир (Damir Nasyroff/Adam Bazaroff),Excess Team,2023,БК0010 (11М),32b,january 2023,,,,,fatprint-32b-for-bk0011m.zip,,,,,,,,,,00093767.png,,,,,,,,,,,,https://www.pouet.net/prod.php?which=93767,17.02.26,https://youtu.be/Oa4m-xxe5Qo,В архиве,,Lovebyte 2023,oldskool 32b,11
3000135,Mystery Pass,NiOl,,2023,БК0010 (11М),64b,january 2023,,,,,mystery_pass.zip,,,,,,,,,,00093286.gif,,,,,,,,,,,,https://www.pouet.net/prod.php?which=93286,17.02.26,https://youtu.be/VJyEO4Km6Sc,В архиве,,DiHALT Summer 2023,oldskool 256b,3
3000131,Red Lines 16b,Насыров Дамир (Damir Nasyroff/Adam Bazaroff),Excess Team,2023,БК0010 (11М),32b,january 2023,,,,,red-lines-16b-for-bk0010.zip,,,,,,,,,,00093768.jpg,,,,,,,,,,,,https://www.pouet.net/prod.php?which=93768,17.02.26,https://youtu.be/RfnZ2jbJcKM,В архиве,,Lovebyte 2023,oldskool 16b,14
3000136,timeCS music release 2023,Владимир Кутяков (KUVO),CAROLINE SOFTWARE,2023,БК0010 (11М),musicdisk,january 2023,,,,,timeCS.zip,,,,,,,,,,00093220.png,,,,,,,,,,,,https://www.pouet.net/prod.php?which=93220,17.02.26,https://youtu.be/lhQL7rBA9as,В архиве,,,,
3000137,4 color stuff,Насыров Дамир (Damir Nasyroff/Adam Bazaroff),Excess Team,2022,БК0010 (11М),128b,november 2022,,,,,4clrstf-128b-intro-for-bk0010-01.zip,,,,,,,,,,00092815.jpg,,,,,,,,,,,,https://www.pouet.net/prod.php?which=92815,17.02.26,https://youtu.be/ooZvrHxKWrc,В архиве,,inérciaDemoparty 2022,combined 128b,6
3000142,99 stars,Мачуговский А. (Manwe/SandS),SandS,2022,БК0010 (11М),512b,october 2022,,,,,manwe-99stars.zip,,,,,,,,,,00092592.gif,,,,,,,,,,,,https://www.pouet.net/prod.php?which=92592,17.02.26,https://youtu.be/6w9Zmi0lrTw,В архиве,,CAFe 2022,BK intro,2
3000144,CSI World 256,Владимир Кутяков (KUVO),CAROLINE SOFTWARE,2022,БК0010 (11М),256b,october 2022,,,,,CSI World_256_intro_by_KUVO.zip,,,,,,,,,,00092586.png,,,,,,,,,,,,https://www.pouet.net/prod.php?which=92586,17.02.26,https://youtu.be/XtuUEbosSBc,В архиве,,CAFe 2022,BK intro,1
3000143,eCSIt demo 2022,Владимир Кутяков (KUVO),CAROLINE SOFTWARE,2022,БК0010 (11М),demo,october 2022,,,,,eCSIt_demo_2022_by_CSI.zip,,,,,,,,,,00092587.png,,,,,,,,,,,,https://www.pouet.net/prod.php?which=92587,17.02.26,https://youtu.be/hk4_ecBRIlA,В архиве,,CAFe 2022,BK demo,1
3000141,Machinery Robotic,"Насыров Дамир (Damir Nasyroff/Adam Bazaroff), Grongy, Владимир Кутяков (KUVO)","Excess Team, CAROLINE SOFTWARE",2022,БК0010 (11М),demo,october 2022,,,,,mchnry.zip,,,,,,,,,,00092620.png,,,,,,,,,,,,https://www.pouet.net/prod.php?which=92620,17.02.26,https://www.youtube.com/watch?v=6YnbyKzf6f8,,,CAFe 2022,BK demo,2
3000139,Tetr 512,Sergey Pavlov,Ufasoft,2022,БК0010 (11М),512b,october 2022,,,,,tetr_512.zip,,,,,,,,,,00092736.png,,,,,,,,,,,,https://www.pouet.net/prod.php?which=92736,17.02.26,https://www.youtube.com/watch?v=SDXqIYuAB1o,,,CAFe 2022,BK intro,3
3000140,The Goonies for BK0011M,Сизых Павел (grf/grfmaniak),Grf Games,2022,БК0011М,game,october 2022,,,,,the_goonies_for_bk0011m.zip,,,,,,,,,,00092706.gif,,,,,,,,,,,,https://www.pouet.net/prod.php?which=92706,17.02.26,https://www.youtube.com/watch?v=_MAZlL6_mLM,,,CAFe 2022,gamedev,1
3000138,"Truche, jr",Дмитрий Крапивин (Dmitry Krapivin/g0blinish),g0blinish,2022,БК0010 (11М),128b,october 2022,,,,,truche_jr.zip,,,,,,,,,,00092879.png,,,,,,,,,,,,https://www.pouet.net/prod.php?which=92879,17.02.26,,В архиве,,CAFe 2022,BK intro,4
3000145,CAFe2022 invitation,"Насыров Дамир (Damir Nasyroff/Adam Bazaroff), Владимир Кутяков (KUVO)","Excess Team, CAROLINE SOFTWARE",2022,БК0010 (11М),invitation,august 2022,,,,,cafeparty_2022_invitation.zip,,,,,,,,,,00092040.jpg,,,,,,,,,,,,https://www.pouet.net/prod.php?which=92040,17.02.26,https://www.youtube.com/watch?v=Qd_EHjqpLwk,,,Undefined 2022,combined intro,1
3000148,Gears (BK0011M),Владимир Кутяков (KUVO),CAROLINE SOFTWARE,2022,БК0011М,256b,february 2022,,,,,gears_256_intro_by_KUVO.zip,,,,,,,,,,00091036.png,,,,,,,,,,,,https://www.pouet.net/prod.php?which=91036,17.02.26,https://youtu.be/FwC46XK0S70,В архиве,,Lovebyte 2022,oldskool 256b,19
3000147,Just shapes,Владимир Кутяков (KUVO),CAROLINE SOFTWARE,2022,БК0010 (11М),256b,february 2022,,,,,jshapes_256_intro_by_KUVO.zip,,,,,,,,,,00091037.png,,,,,,,,,,,,https://www.pouet.net/prod.php?which=91037,17.02.26,https://youtu.be/ou-H_UwJDQQ,В архиве,,Lovebyte 2022,oldskool 256b,28
3000146,The Covid incident,"fyrex, kael",Mayhem,2022,БК0010 (11М),musicdisk,february 2022,KAEL,TRON (1997-1998),Английский,"Программа представляет собой нечто среднее между демкой и музыкальной шкатулкой. Музыка воспроизводится через музыкальный сопроцессор AY-3-8910 с использованием модуля PSG разработанного VLADIMIR ""KUVO"" KUTYAKOV FYREX MayHem KAEL TRON (1997-1998) 2022",mhm-TCI_BK0011M.zip,,mhm-tci_bk0011m-src.zip,Source,,,,,,,00091145.jpg,tci1.png,,,,,,,,,,,https://www.pouet.net/prod.php?which=91145,17.02.26,https://www.youtube.com/watch?v=SVFwE2SmmPQ,В архиве,,,,
3000149,CS!Halt 2022,"Владимир Кутяков (KUVO), maktone",CAROLINE SOFTWARE,2022,БК0010 (11М),intro,january 2022,,,,,csihalt_by_KUVO.zip,,,,,,,,,,00090619.png,,,,,,,,,,,,https://www.pouet.net/prod.php?which=90619,17.02.26,https://youtu.be/l0E5huidX1A,В архиве,,DiHALT Summer 2022,lowend demo,1
3000150,Lion,Мачуговский А. (Manwe/SandS),SandS,2022,БК0010 (11М),procedural graphics,january 2022,,,,,manwe-lion.zip,,,,,,,,,,00090614.gif,,,,,,,,,,,,https://www.pouet.net/prod.php?which=90614,17.02.26,,В архиве,,DiHALT Summer 2022,4k procedural gfx,n/a
3000156,256 bytes intro bundle 2021,Владимир Кутяков (KUVO),CAROLINE SOFTWARE,2021,БК0010 (11М),256b,november 2021,,,,,bundle_256_intro_2021_by_kuvo.zip,,,,,,,,,,00090347.gif,,,,,,,,,,,,https://www.pouet.net/prod.php?which=90347,17.02.26,https://www.youtube.com/watch?v=LOfjAvBu1TQ&list=PLl-of4-x7FPDQm6N8Kqd1duhtXOXrZsYc,В архиве,,Demodulation 2021,n/a,n/a
3000158,CS!quel demo 2021,"Владимир Кутяков (KUVO), x-ceed",CAROLINE SOFTWARE,2021,БК0011М,demo,november 2021,,,,Владимир Кутяков 'KUVO' 2021 1st at Demodulation 2021,csquel.zip,,,,,,,,,,csiquel_2.png,csiquel_1.png,csiquel_3.png,csiquel_4.png,csiquel_5.png,csiquel_6.png,csiquel_7.png,csiquel_8.png,csiquel_9.png,csiquel_10.png,csiquel_11.png,,https://www.pouet.net/prod.php?which=90338,17.02.26,https://www.youtube.com/watch?v=TAcbp50tyCQ,,,Demodulation 2021,oldskool demo,1
3000159,Hexagon's aberration,Насыров Дамир (Damir Nasyroff/Adam Bazaroff),Excess Team,2021,БК0010 (11М),256b,november 2021,,,,,hexabb_BK11m_256.zip,,,,,,,,,,00090259.jpg,,,,,,,,,,,,https://www.pouet.net/prod.php?which=90259,17.02.26,https://www.youtube.com/watch?v=8Ei5Ky7JHhA,В архиве,,inérciaDemoparty 2021,combined 256b,4
3000157,Kocu4ka,Мачуговский А. (Manwe/SandS),SandS,2021,БК0010 (11М),256b,november 2021,,,,,manwe-kocu4ka.zip,,,,,,,,,,00090339.jpg,,,,,,,,,,,,https://www.pouet.net/prod.php?which=90339,17.02.26,https://www.youtube.com/watch?v=GEvpuVxCweA,В архиве,,Demodulation 2021,oldskool 256b,2
3000152,Martian Wind,Насыров Дамир (Damir Nasyroff/Adam Bazaroff),Adam Bazaroff,2021,БК0010 (11М),128b,november 2021,,,,,03_adam_bazaroff-martian_wind_bk.zip,,,,,,,,,,00090386.jpg,,,,,,,,,,,,https://www.pouet.net/prod.php?which=90386,17.02.26,https://youtu.be/6qt1y-Hp0vs,В архиве,,Demodulation 2021,oldskool 256b,3
3000154,piCSI,Владимир Кутяков (KUVO),CAROLINE SOFTWARE,2021,БК0010 (11М),256b,november 2021,,,,,07-kuvo-picsi_bk.zip,,,,,,,,,,00090368.jpg,,,,,,,,,,,,https://www.pouet.net/prod.php?which=90368,17.02.26,https://www.youtube.com/watch?v=OwD0Ye3hhlI,,,Demodulation 2021,oldskool 256b,7
3000151,SUBMARINE,Владимир Кутяков (KUVO),CAROLINE SOFTWARE,2021,БК0010 (11М),256b,november 2021,,,,,04_kuvo-submarine_bk.zip,,,,,,,,,,00090387.jpg,,,,,,,,,,,,https://www.pouet.net/prod.php?which=90387,17.02.26,https://youtu.be/_BKA-xwTC0c,,,Demodulation 2021,oldskool 256b,4
3000155,The Snake Dancer,Vol Lidovski (Litwr),,2021,БК0010 (11М),8k,november 2021,,,,,the-snake-dancer.zip,,,,,,,,,,00090353.png,,,,,,,,,,,,https://www.pouet.net/prod.php?which=90353,17.02.26,https://www.youtube.com/watch?v=qiqlnMF1Y6A,В архиве,,Demodulation 2021,oldskool demo,3
3000153,Wormtrap,Владимир Кутяков (KUVO),CAROLINE SOFTWARE,2021,БК0010 (11М),256b,november 2021,,,,,06_kuvo-wormtrap_bk.zip,,,,,,,,,,00090370.jpg,,,,,,,,,,,,https://www.pouet.net/prod.php?which=90370,17.02.26,https://www.youtube.com/watch?v=O3SgAFIbP6w,,,Demodulation 2021,oldskool 256b,6
3000161,music release 'CSMMXXII' by KUVO,Владимир Кутяков (KUVO),CAROLINE SOFTWARE,2021,БК0010 (11М),musicdisk,august 2021,,,,,csmmxxii.zip,,,,,,,,,,00089641.png,,,,,,,,,,,,https://www.pouet.net/prod.php?which=89641,17.02.26,https://youtu.be/yK3ICCi-24k,В архиве,,,,
3000160,Ruscii,Дмитрий Крапивин (Dmitry Krapivin/g0blinish),g0blinish,2021,БК0010 (11М),procedural graphics,august 2021,,,,,ruscii_bk0010_.zip,,,,,,,,,,00089708.jpg,,,,,,,,,,,,https://www.pouet.net/prod.php?which=89708,17.02.26,,В архиве,,Chaos Constructions 2021,combined 4k,1
3000162,Alugalug Cat (PSG+WAV to AY/YM),"Владимир Кутяков (KUVO), @TheKiffNess",CAROLINE SOFTWARE,2021,БК0011М,wild,may 2021,KUVO,@TheKiffNess,,"Попытка одновременного вывода PSG и WAV файла на AY/YM чип. Используется свой уникальный способ. Полное собрание сочинений для просмотра и реализации ""ALUGALUG CAT"" на БК-0011М Архив содержит: imgALUGALUG.IMG - образ диска (CSIDOS 3.30).",alugalug_csi_2021.zip,,,,,,,,,,00089030.jpg,1624302316_1.jpg,,,,,,,,,,,https://www.pouet.net/prod.php?which=89030,17.02.26,https://youtu.be/PLYZxFyTF08,В архиве,,,,
3000163,DejaVu,Дмитрий Крапивин (Dmitry Krapivin/g0blinish),g0blinish,2021,БК0010 (11М),128b,march 2021,,,,,djvu.zip,,,,,,,,,,00088450.gif,,,,,,,,,,,,https://www.pouet.net/prod.php?which=88450,17.02.26,,В архиве,,,,
48303,FREE NAVALNY (БК0011М),Мачуговский А. (Manwe/SandS),Manwe/SandS,2021,БК0011М,512b,march 2021,Manwe/SandS,,Английский,Качественно выполненная 512-байтная демка для БК0011М,freenavalny.zip,,,,,,,,,,1615633019_1.jpg,,,,,,,,,,,,https://www.pouet.net/prod.php?which=88167,17.02.26,https://youtu.be/vlztnOh4Rdc,,,,,
3000165,random walk,Дмитрий Крапивин (Dmitry Krapivin/g0blinish),g0blinish,2021,БК0010 (11М),256b,february 2021,,,,,randomwalk.zip,,,,,,,,,,00088042.png,,,,,,,,,,,,https://www.pouet.net/prod.php?which=88042,17.02.26,,В архиве,,Chaos Constructions Winter 2021,oldskool intro,3
3000172,Boing Ball,Мачуговский А. (Manwe/SandS),"Strogino PC, SandS",2021,БК0011М,512b,january 2021,,,,510 байтное intro для БК0011М 3rd at DiHALT 2021 Мачуговский А. (Manwe) STROGINO PC 2020,manwe-boingball.zip,,,,,,,,,,00087736.png,1626764232_1.png,,,,,,,,,,,https://www.pouet.net/prod.php?which=87736,17.02.26,https://youtu.be/4oOuhyoB1hw,В архиве,,DiHALT Summer 2021,lowend demo,3
3000171,Mandelbrot fractal / 242b / BK0011M,Stanislav Maslovski (s_i_m),FORTRAN LOVERS,2021,БК0010 (11М),256b,january 2021,,,,,mandelbrot_fractal.zip,,,,,,,,,,00087739.jpg,,,,,,,,,,,,https://www.pouet.net/prod.php?which=87739,17.02.26,https://youtu.be/tGwDtZpIy88,В архиве,,DiHALT Summer 2021,lowend intro,6
3000168,Moroz-No!,Насыров Дамир (Damir Nasyroff/Adam Bazaroff),Excess Team,2021,БК0011М,256b,january 2021,,,,256 байтная демка для БК0011М. Adam Bazaroff/Excess team 2020 7th at DiHALT 2021,moroz_no_.zip,,moroz_no.zip,,,,,,,,00087751.gif,1626761887_1.png,,,,,,,,,,,https://www.pouet.net/prod.php?which=87751,17.02.26,https://www.youtube.com/watch?v=QoBB7TBQwFY,В архиве,,DiHALT Summer 2021,lowend intro,7
3000166,music release 2021 by KUVO,Владимир Кутяков (KUVO),CAROLINE SOFTWARE,2021,БК0010 (11М),musicdisk,january 2021,,,,,csi_mr2021.zip,,,,,,,,,,00087809.png,,,,,,,,,,,,https://www.pouet.net/prod.php?which=87809,17.02.26,https://youtu.be/ymOy4vQrjw4,В архиве,,,,
3000167,No Copper,Александр Тишин (Sandro),,2021,БК0010 (11М),256b,january 2021,,,,,no_copper.zip,,,,,,,,,,00087753.png,,,,,,,,,,,,https://www.pouet.net/prod.php?which=87753,17.02.26,,,,DiHALT Summer 2021,lowend intro,12
3000170,PONG Charged,Мачуговский А. (Manwe/SandS),SandS,2021,БК0010 (11М),game,january 2021,,,,,PONG-charged-BK0010.zip,,,,,,,,,,00087745.png,,,,,,,,,,,,https://www.pouet.net/prod.php?which=87745,17.02.26,https://www.youtube.com/watch?v=AXdZChLr6w8,В архиве,,DiHALT Summer 2021,gamedev,1
3000169,TRON,"Насыров Дамир (Damir Nasyroff/Adam Bazaroff), Мачуговский А. (Manwe/SandS)",Excess Team,2021,БК0010 (11М),game,january 2021,,,,,tron.zip,,,,,,,,,,00087750.gif,,,,,,,,,,,,https://www.pouet.net/prod.php?which=87750,17.02.26,https://www.youtube.com/watch?v=gAyxvk05wKw,,,DiHALT Summer 2021,gamedev,2
3000174,14 colours,Мачуговский А. (Manwe/SandS),"SandS, Strogino PC",2020,БК0010 (11М),256b,december 2020,,,,,manwe-14colours.zip,,,,,,,,,,00087557.gif,,,,,,,,,,,,https://www.pouet.net/prod.php?which=87557,17.02.26,https://www.youtube.com/watch?v=hMQnZs8euCs,В архиве,,Demodulation 2020,combined 256b,8
3000175,20CSI20,Владимир Кутяков (KUVO),CAROLINE SOFTWARE,2020,БК0011М,demo,december 2020,Владимир Кутяков (KUVO),Владимир Кутяков (KUVO),Английский,Классная демка от CAROLINE SOFTWARE Владимир Кутяков (KUVO) 2020 1st at Demodulation 2020,20csi20_development.zip,,20csi20_dev_fixed.zip,hardware version,,,,,,,00087552.png,1626769438_1.png,1626769405_2.png,1626769383_3.png,,,,,,,,,https://www.pouet.net/prod.php?which=87552,17.02.26,https://www.youtube.com/watch?v=gXvn9V-IYBY,В архиве,,Demodulation 2020,oldskool demo,1
3000173,crazy chess field,Насыров Дамир (Damir Nasyroff/Adam Bazaroff),Excess Team,2020,БК0010 (11М),256b,december 2020,,,,,ccf_bk0010-11m_256b_intro.zip,,,,,,,,,,00087564.gif,,,,,,,,,,,,https://www.pouet.net/prod.php?which=87564,17.02.26,https://www.youtube.com/watch?v=zOLIFDBs3bg,В архиве,,Demodulation 2020,combined 256b,7
3000176,flame512,Владимир Кутяков (KUVO),CAROLINE SOFTWARE,2020,БК0010 (11М),512b,october 2020,,,,512-байтная демка для BK-0010 и BK-0011 Владимир Кутяков (KUVO) CAROLINE SOFTWARE 2020,flame512full.zip,,,,,,,,,,00087003.png,1624878590_1.png,1624878563_2.png,,,,,,,,,,https://www.pouet.net/prod.php?which=87003,17.02.26,https://youtu.be/RnaRIl9Uyhc,В архиве,,,,
3000177,PSG.PACKED playing module,Владимир Кутяков (KUVO),CAROLINE SOFTWARE,2020,БК0010 (11М),demotool,september 2020,,,,,psgpackedplay.zip,,,,,,,,,,00087006.png,,,,,,,,,,,,https://www.pouet.net/prod.php?which=87006,17.02.26,,В архиве,,,,
3000178,pt3 playing module,Владимир Кутяков (KUVO),CAROLINE SOFTWARE,2020,БК0010 (11М),demotool,september 2020,,,,,pt3play.zip,,,,,,,,,,00087005.png,,,,,,,,,,,,https://www.pouet.net/prod.php?which=87005,17.02.26,,В архиве,,,,
3000179,Da Vinci code: Mona Lisa,Мачуговский А. (Manwe/SandS),"SandS, Strogino PC",2020,БК0010 (11М),256b,august 2020,,,,"254-х байтная демка для БК0011М, создана на основе 250 байтной демки с Atari XL Мачуговский А. (Manwe) STROGINO PC 2020",manwe-mona.zip,,,,,,,,,,00086820.png,,,,,,,,,,,,https://www.pouet.net/prod.php?which=86820,17.02.26,https://youtu.be/37FBQBCXBQQ,В архиве,,,,
3000180,ChaosGame,Дмитрий Крапивин (Dmitry Krapivin/g0blinish),g0blinish,2020,БК0010 (11М),256b,july 2020,,,,,chaosg.zip,,,,,,,,,,00086341.png,,,,,,,,,,,,https://www.pouet.net/prod.php?which=86341,17.02.26,,В архиве,,,,
48330,GIFT 2020,"Дмитрий Крапивин (Dmitry Krapivin/g0blinish), N1k-O, ded^RMDA",RMDA,2020,БК0011М,demo,april 2020,,N1k-O,,Демо для БК0011М + AY-8910 Dmitry Krapivin (siniy) (g0blinish) RMDA Nik-O (Alarm) 2020,gft2020-party.zip,,,,,,,,,,1626767172_1.png,1626767231_2.png,,,,,,,,,,,https://www.pouet.net/prod.php?which=85132,17.02.26,https://youtu.be/nt6CnM0FS5g,В архиве,,,,
3000182,CC2020 Invitation,"Насыров Дамир (Damir Nasyroff/Adam Bazaroff), Мачуговский А. (Manwe/SandS)",Excess Team,2020,БК0011М,invitation,february 2020,,Manwe/SandS,Английский,"Качественная демка, впервые показанная на ""CC 2020 winter"" Adam Bazaroff/Excess team Manwe/SandS 2020 Original soundtrack: Romulus 3 by Romolo ""Rom"" Di Prisco 3rd at Chaos Constructions Winter 2020",bk_demo_cc2020.zip,,,,,,,,,,00084927.png,1624884098_screenshot.png,,,,,,,,,,,https://www.pouet.net/prod.php?which=84927,17.02.26,https://www.youtube.com/watch?v=muxZMYryBmU,,,Chaos Constructions Winter 2020,combined demo/intro,3
3000184,BK has U,Дмитрий Крапивин (Dmitry Krapivin/g0blinish),g0blinish,2020,БК0010 (11М),256b,january 2020,,,,Демка для БК0010 Дмитрий Крапивин (Dmitry Krapivin) g0blinish 2020 2nd at DiHalt Lite 2020,bk_has_u.zip,,bkhasu.zip,,,,,,,,00084510.png,1624884746_mx.png,,,,,,,,,,,https://www.pouet.net/prod.php?which=84510,17.02.26,,В архиве,,DiHALT Winter 2020,lowend intro,2
3000183,HNY2020,"Насыров Дамир (Damir Nasyroff/Adam Bazaroff), n1k-o",Excess Team,2020,БК0010 (11М),16k,january 2020,,,,,hny2020.zip,,,,,,,,,,00084525.png,,,,,,,,,,,,https://www.pouet.net/prod.php?which=84525,17.02.26,https://www.youtube.com/watch?v=mQP_89fKCzU,,,DiHALT Winter 2020,alternative demo,3
48319,HAPPY NEW YEAR 2020,"Насыров Дамир (Damir Nasyroff/Adam Bazaroff), Excess team, N1k-O",Excess Team,2020,БК0011М,demo,2020,,N1k-O,Английский,Новогоднее скроллинговое демо Adam Bazaroff/Excess team N1k-O 2020 3rd at DiHalt Lite 2020,hny2020.zip,,,,,,,,,,1624885319_screen.png,,,,,,,,,,,,https://r-games.net/48319-happy-new-year-2020.html,,,,,,,
3000185,retro,Дмитрий Крапивин (Dmitry Krapivin/g0blinish),g0blinish,2019,БК0010 (11М),256b,november 2019,,,,,256b_retro_bk0010_.zip,,,,,,,,,,00083696.png,,,,,,,,,,,,https://www.pouet.net/prod.php?which=83696,17.02.26,,В архиве,,Demosplash 2019,oldskool demo,6
3000191,BKscope,Stanislav Maslovski (s_i_m),FORTRAN LOVERS,2019,БК0010 (11М),256b,october 2019,,,,,bkscope.zip,,,,,,,,,,00083602.png,,,,,,,,,,,,https://www.pouet.net/prod.php?which=83602,17.02.26,https://www.youtube.com/watch?v=kKNLzVCSK-U,,,CAFe 2019,BK intro,4
3000186,COKOBAH-2019,Щербаковский Сергей (mdk),,2019,БК0010 (11М),game,october 2019,,,,,sokoban_2019.zip,,,,,,,,,,00083684.gif,,,,,,,,,,,,https://www.pouet.net/prod.php?which=83684,17.02.26,,,,CAFe 2019,gamedev,7
3000189,Democracy,,Hacktivists,2019,БК0010 (11М),512b,october 2019,,,,,democracy.zip,,,,,,,,,,00083604.jpg,,,,,,,,,,,,https://www.pouet.net/prod.php?which=83604,17.02.26,https://www.youtube.com/watch?v=vKmI_6LlHAM,В архиве,,CAFe 2019,BK intro,9
3000195,Fractal Blur,Мачуговский А. (Manwe/SandS),"SandS, Strogino PC",2019,БК0010 (11М),512b,october 2019,,,,,manwe-frblur.zip,,,,,,,,,,00083525.gif,,,,,,,,,,,,https://www.pouet.net/prod.php?which=83525,17.02.26,https://www.youtube.com/watch?v=dtgKgK8eUm4&t=146,В архиве,,CAFe 2019,BK intro,6
3000188,just spectrum,fyrex & kael,Mayhem,2019,БК0010 (11М),512b,october 2019,,,,,mhm_just_spectrum.zip,,,,,,,,,,00083619.gif,,,,,,,,,,,,https://www.pouet.net/prod.php?which=83619,17.02.26,https://www.youtube.com/watch?v=k-u5gZvpxzM,В архиве,,CAFe 2019,BK intro,3
3000197,Maze,Мачуговский А. (Manwe/SandS),"SandS, Strogino PC",2019,БК0010 (11М),512b,october 2019,,,,,manwe-maze.zip,,,,,,,,,,00083523.gif,,,,,,,,,,,,https://www.pouet.net/prod.php?which=83523,17.02.26,https://www.youtube.com/watch?v=dtgKgK8eUm4&t=0,В архиве,,CAFe 2019,BK intro,7
3000196,Metaballs,Мачуговский А. (Manwe/SandS),"SandS, Strogino PC",2019,БК0010 (11М),512b,october 2019,,,,,metaballs.zip,,,,,,,,,,00083524.png,,,,,,,,,,,,https://www.pouet.net/prod.php?which=83524,17.02.26,https://www.youtube.com/watch?v=dtgKgK8eUm4&t=78,В архиве,,CAFe 2019,BK intro,1
3000194,Minsky Circle,Дмитрий Крапивин (Dmitry Krapivin/g0blinish),g0blinish,2019,БК0010 (11М),256b,october 2019,,,,,minsky_circle.zip,,,,,,,,,,00083554.png,,,,,,,,,,,,https://www.pouet.net/prod.php?which=83554,17.02.26,https://www.youtube.com/watch?v=bNAsNShALtU,,,CAFe 2019,BK intro,8
3000193,sp,Дмитрий Крапивин (Dmitry Krapivin/g0blinish),g0blinish,2019,БК0010 (11М),256b,october 2019,,,,,sp.zip,,,,,,,,,,00083555.png,,,,,,,,,,,,https://www.pouet.net/prod.php?which=83555,17.02.26,https://www.youtube.com/watch?v=2ruzRHTtgXw,,,CAFe 2019,BK intro,4
3000187,Stop The Express,Nikita Zeemin (nzeemin),,2019,БК0010 (11М),game,october 2019,,,,,stop_the_express_pod_bk_0010__wip_.zip,,,,,,,,,,00083622.png,,,,,,,,,,,,https://www.pouet.net/prod.php?which=83622,17.02.26,https://www.youtube.com/watch?v=9KMgSoCDFYo,,,CAFe 2019,gravedigger,3
3000192,Yarn,PCAT,,2019,БК0010 (11М),512b,october 2019,,,,,yarn.zip,,,,,,,,,,00083601.png,,,,,,,,,,,,https://www.pouet.net/prod.php?which=83601,17.02.26,https://www.youtube.com/watch?v=14dRFse27t8,,,CAFe 2019,BK intro,2
3000190,Zalipuha,NiOl,,2019,БК0010 (11М),512b,october 2019,,,,,zalipuha.zip,,,,,,,,,,00083603.gif,,,,,,,,,,,,https://www.pouet.net/prod.php?which=83603,17.02.26,https://youtu.be/kynQkx-SNR4,,,CAFe 2019,BK intro,5
3000198,BKvaders,Дмитрий Крапивин (Dmitry Krapivin/g0blinish),g0blinish,2019,БК0010 (11М),256b,may 2019,,,,,bkv.ZIP,,,,,,,,,,00081305.png,,,,,,,,,,,,https://www.pouet.net/prod.php?which=81305,17.02.26,,В архиве,,,,
3000201,256 carpets,Насыров Дамир (Damir Nasyroff/Adam Bazaroff),"Excess Team, CAFeCREW",2019,БК0011М,256b,january 2019,,,,256-байтная демка для БК Damir Nasyrov aka Adam Bazaroff Excess Team / CAFeCREW 2019 1st at DiHalt Lite 2019,adam_bazaroff-256_carpets.zip,,256carpets.zip,,,,,,,,00079767.png,1622209218_256carpets_preview.png,,,,,,,,,,,https://www.pouet.net/prod.php?which=79767,17.02.26,https://www.youtube.com/watch?v=nweQUh_8rqc,,,DiHALT Winter 2019,combined 256b,1
3000199,CAFePARTY 256b invitro,Насыров Дамир (Damir Nasyroff/Adam Bazaroff),Excess Team,2019,БК0010 (11М),invitation,january 2019,,,,,cafelogo_256b_for_bk0011m.zip,,,,,,,,,,00080053.gif,,,,,,,,,,,,https://www.pouet.net/prod.php?which=80053,17.02.26,https://www.youtube.com/watch?v=SbJdLDPqRzY,,,Synchrony 2019,combined 256b,1
3000200,Road2CAFe,Насыров Дамир (Damir Nasyroff/Adam Bazaroff),Excess Team,2019,БК0010 (11М),invitation,january 2019,,,,,road2cafe.zip,,,,,,,,,,00080030.png,,,,,,,,,,,,https://www.pouet.net/prod.php?which=80030,17.02.26,https://www.youtube.com/watch?v=gIO6rFyvkQs,,,Skeneklubi 2019,oldskool demo,2
48309,CAFELOGO256,Насыров Дамир (Damir Nasyroff/Adam Bazaroff),"Excess Team, CAFeCREW",2019,БК0011М,demo,2019,,,,256-байтная демка для БК 256-байтная демка для БК Damir Nasyrov aka Adam Bazaroff Excess Team / CAFeCREW 2019 1st at Synchrony 2019,cafelogo256b.zip,,,,,,,,,,1622208757_cafelogo256.png,,,,,,,,,,,,https://r-games.net/48309-cafelogo256.html,,,В архиве,,,,
48241,GOOD APPLE (BAD APPLE REMIX),"Ivanq, Мачуговский А. (Manwe/SandS), Masayoshi Minoshima",the SandS,2018,БК0011М,demo,august 2018,Manwe,Masayoshi Minoshima,Английский,Супер ремикс на демо Bad Apple!! Больше наушников Больше цветов Больше эффектов Лучше синхронизация (даже лучше чем в оригинале),sands-goodapple.zip,,,,,,,,,,1537767973_1.png,1537767971_2.png,1537768007_3.png,1537767969_4.png,1537767921_5.png,1537767933_6.png,,,,,,,https://www.pouet.net/prod.php?which=78066,17.02.26,https://www.youtube.com/watch?v=8Q1vN51o-Dg,,,Chaos Constructions 2018,combined demo,2
3000204,4 colors are enough!,Насыров Дамир (Damir Nasyroff/Adam Bazaroff),"Excess Team, CAFeCREW",2018,БК0010 (11М),256b,april 2018,,,,256-байтная демка для БК Adam Bazaroff / Damir Nasyri Excess team / CAFeCREW 2018 fixed of Manwe (Добавлена возможность запустить с диска),4_colors_are_enough%21.zip,,256b-bk0010-4_colors_are_enough.zip,,,,,,,,00075940.jpg,1622207807_256bscreen.png,,,,,,,,,,,https://www.pouet.net/prod.php?which=75940,17.02.26,https://www.youtube.com/watch?v=95m3XANqi9c,,,Multimatograf 2018,combined 256b,4
3000203,Bad Apple,"Lasoft (Alexander Lyovin), Насыров Дамир (Damir Nasyroff/Adam Bazaroff), Мачуговский А. (Manwe/SandS)","Excess Team, SandS",2018,БК0011М,wild,april 2018,,,,Шикарная демка от группы Excess team,bad_apple_bk.zip,,,,,,,,,,00076056.gif,1531386222_1.png,1531386213_2.png,1531386189_3.png,1531386142_4.png,,,,,,,,https://www.pouet.net/prod.php?which=76056,17.02.26,https://www.youtube.com/watch?v=u_pdp1QSp70,,,Multimatograf 2018,animation,1
3000205,In Your Space sound demo,"Мачуговский А. (Manwe/SandS), Lasoft (Alexander Lyovin)","Strogino PC, Excess Team",2018,БК0010 (11М),64k,april 2018,,,,,inyourspace.zip,,,,,,,,,,00075938.gif,,,,,,,,,,,,https://www.pouet.net/prod.php?which=75938,17.02.26,https://www.youtube.com/watch?v=tZtv2yqv4hA,В архиве,,Multimatograf 2018,8bit demo,4
48282,ОДНАЖДЫ,"Насыров Дамир (Damir Nasyroff/Adam Bazaroff), Lasoft (Alexander Lyovin), N1k-O",Excess Team,2018,БК0011М,demo,january 2018,Adam Bazaroff,"Nik-O, Lasoft",,Демо ОДНАЖДЫ,odnazhdy.zip,,excess_team-odnazhdy_party_version.zip,,,,,,,,1584601399_1.png,1584601423_2.png,1584601447_3.png,1584601418_4.png,,,,,,,,,https://www.pouet.net/prod.php?which=73234,17.02.26,http://www.youtube.com/watch?v=2q84BVT7TQc,,,DiHALT Winter 2018,oldskool demo,2
3000207,e-Bun. ЭлектроБулка,"Насыров Дамир (Damir Nasyroff/Adam Bazaroff), Lasoft (Alexander Lyovin), N1k-O",Excess Team,2017,БК0011М,demo,january 2017,Adam Bazaroff,"Lasoft, Nik-O","Русский, Английский",Крутая демка от группы Excess Team,excess_team-e_bun_party_version.zip,,,,,,,,,,00068705.png,1584451138_1.png,1584451145_2.png,1584451135_3.png,1584451098_4.png,1584451095_5.png,,,,,,,https://www.pouet.net/prod.php?which=68705,17.02.26,https://www.youtube.com/watch?v=9_cTPbx5KVA,,,DiHALT Winter 2017,8bit demo,1
3000208,Bomberman: Тест Милены,Насыров Дамир (Damir Nasyroff/Adam Bazaroff),Adam Bazaroff,2015,БК0010 (11М),game,july 2015,,,,,adam_bazaroff-bomberman._milena%27s_test.zip,,,,,,,,,,00065951.gif,,,,,,,,,,,,https://www.pouet.net/prod.php?which=65951,17.02.26,https://www.youtube.com/watch?v=FxaNwNbgZ4E,,,DiHALT Summer 2015,wild demo,1
107,CAT MEGADEMO,Стас Коровин,SKcorp,1999,БК0011М,demo,august 1999,,,,Демонстрация графических возможностей БК0011(М) Стас Коровин SKcorp 1999 1st at CAFe 1999,demobk0011.zip,,cat.zip,,,,,,,,1395995165_r-games.net_2.png,1395995220_r-games.net_3.png,1395995205_r-games.net_4.png,1395995164_r-games.net_5.png,1395995225_r-games.net_6.png,,,,,,,,https://www.pouet.net/prod.php?which=15914,17.02.26,,,,CAFe 1999,BK demo,1
21113,FX!,Насыров Дамир (Damir Nasyroff/Adam Bazaroff),ADAM SOFTWARE,1999,БК0010 (11М),4k,august 1999,,,,Демонстрация возможностей БК Насыров Дамир (Damir Nasyroff) ADAM SOFTWARE 1999 4th at CAFe 1999,fx_cafe99_4k.zip,,bk4k.zip,,,,,,,,1321347283_1.jpg,1321347239_2.jpg,,,,,,,,,,,https://www.pouet.net/prod.php?which=16147,17.02.26,,,,CAFe 1999,BK intro,4
3000211,POORGUY! (BK),,Excess Team,1999,БК0010 (11М),4k,august 1999,,,,,bk4k.zip,,,,,,,,,,00016148.png,,,,,,,,,,,,https://www.pouet.net/prod.php?which=16148,17.02.26,https://www.youtube.com/watch?v=JApUaI6Ncqw,,,CAFe 1999,BK intro,3
3000214,Ray Dreams,UnReal,Maxi Graphics Computer,1999,БК0011М,demo,august 1999,,,,Качественное демо для БК0011М Качественное демо для БК0011М UnReal 2nd at CAFe 1999,ray.zip,,ray.7z,,,,,,,,00015911.png,1395899284_r-games.net_1.png,1395899291_r-games.net_2.png,1395899274_r-games.net_3.png,1395899277_r-games.net_4.png,1395899348_r-games.net_5.png,1395899325_r-games.net_6.png,1395899342_r-games.net_7.png,1395899265_r-games.net_8.png,,,,https://www.pouet.net/prod.php?which=15911,17.02.26,http://www.youtube.com/watch?v=4nF81Ge6-ho,,,CAFe 1999,BK demo,2
3000210,Red Bird,Стас Коровин,SKcorp,1999,БК0010 (11М),4k,august 1999,,,,,bk4k.zip,,red_bird_cafe99_4k.zip,,,,,,,,00016149.png,1321350739_1.jpg,1321350800_2.jpg,1321350792_3.jpg,,,,,,,,,https://www.pouet.net/prod.php?which=16149,17.02.26,,,,CAFe 1999,BK intro,2
3000209,Welcome to Cafe'99,,,1999,БК0010 (11М),4k,august 1999,,,,,bk4k.zip,,,,,,,,,,00016150.png,1321350198_1.jpg,1321350240_2.jpg,,,,,,,,,,https://www.pouet.net/prod.php?which=16150,17.02.26,,,,CAFe 1999,BK intro,1
3000215,Omega Tracker,,Mega Best Software,1998,БК0010 (11М),demotool,1998,,,,,BK0011-Omega-Tracker.zip,,,,,,,,,,00083926.gif,,,,,,,,,,,,https://www.pouet.net/prod.php?which=83926,17.02.26,https://youtu.be/_iZSWrs6iKs,,,,,
3000218,Cindy-2,Мачуговский А. (Manwe/SandS),Strogino PC,1997,БК0010 (11М),4k,august 1997,,,,Демонстрационная программа для конкурса БКмания'97 Мачуговский А. STROGINO PC 4th at BK-Mania 1997,cindy2.zip,,,,,,,,,,00015901.png,1396426587_r-games.net_1.png,1396426618_r-games.net_2.png,1396426622_r-games.net_3.png,,,,,,,,,https://www.pouet.net/prod.php?which=15901,17.02.26,,,,BK-Mania 1997,BK intro,4
3000222,DISCO CLUB & TECHNOLOGICAL DREAMS MEGADEMO (БК0011М),,Mega Best Software,1997,БК0011М,demo,august 1997,,,,Демонстрация графических возможностей БК0011М. MEGA BEST SOFTWARE 1997,tdr.rar,,discoclubtdream.zip,,,,,,,,00015891.png,1626859971_1.png,1395915267_r-games.net_4.png,1395915234_r-games.net_5.png,1395915233_r-games.net_6.png,1395915263_r-games.net_7.png,,,,,,,https://www.pouet.net/prod.php?which=15891,17.02.26,,,,BK-Mania 1997,BK demo,2
177,JAM,"Пырков А., Тимофеев Андрей (TERRA Software), CD inc",,1997,БК0011М,demo,august 1997,,,,"Демонстрационная программа, написана специально для конкурса БК-МАНИЯ 97 Пырков А., Тимофеев Андрей (TERRA Software), CD inc 1997",jam.zip,,,,,,,,,,1395736659_r-games.net_1.png,1395736654_r-games.net_2.png,1395736650_r-games.net_3.png,1395736663_r-games.net_4.png,1395736656_r-games.net_5.png,,,,,,,,https://www.pouet.net/prod.php?which=90060,17.02.26,,,,BK-Mania 1997,BK demo,not shown
3000221,Miracle,МиР corp.,MiR Corporation,1997,БК0010 (11М),4k,august 1997,,,,Демонстрация возможностей БК Демонстрация возможностей БК МиР corp. 1997 1st at BK-Mania 1997,miraclebk.zip,,,,,,,,,,00015898.png,1396428421_r-games.net_1.png,1396428464_r-games.net_2.png,1396428412_r-games.net_3.png,1396428439_r-games.net_4.png,1396428476_r-games.net_5.png,1396428416_r-games.net_6.png,,,,,,https://www.pouet.net/prod.php?which=15898,17.02.26,https://www.youtube.com/watch?v=Zc5IkV6xM-E,,,BK-Mania 1997,BK intro,1
85,MORF!,МиР corp.,MiR Corporation,1997,БК0011М,4k,august 1997,,,,Красивая демка. Из шариков складываются всевозможные фигуры. МиР corp. 2nd at BK-Mania 1997,morfbk.zip,,,,,,,,,,1396426181_r-games.net_6.png,1396426166_r-games.net_1.png,1396426135_r-games.net_2.png,1396426102_r-games.net_3.png,1396426188_r-games.net_4.png,,,,,,,,https://www.pouet.net/prod.php?which=15900,17.02.26,,,,BK-Mania 1997,BK intro,2
3000220,Space 4k,,,1997,БК0010 (11М),4k,august 1997,,,,"Описание частей демки: 1. Летит Пятый Космический Флот неизвестно кого, непонятно куда, но с агрессивными намерениями; 2. Надпись ""SPACE""; 3. 4 стихии: огонь, вода, земля, воздух; жизнь есть борьба; 4. Зона перехода; 5. Вспышка новой звезды; 6. Вращается голубая планета (возможно, Земля)",spacebk.zip,,,,,,,,,,00015899.png,1396273313_r-games.net_1.png,1396273332_r-games.net_2.png,1396273375_r-games.net_3.png,1396273367_r-games.net_4.png,1396273322_r-games.net_5.png,,,,,,,https://www.pouet.net/prod.php?which=15899,17.02.26,,,,BK-Mania 1997,BK intro,3
3000223,Technological Dreams,,Mega Best Software,1997,БК0010 (11М),demo,august 1997,,,,,technological_dreams.img,,,,,,,,,,00015890.png,,,,,,,,,,,,https://www.pouet.net/prod.php?which=15890,17.02.26,http://www.youtube.com/watch?v=rlpo9wcN8kc,,,BK-Mania 1997,BK demo,1
3000217,Tolkien,Романович,LXE,1997,БК0010 (11М),4k,august 1997,,,,,tolkien.zip,,,,,,,,,,00015902.png,1396272218_r-games.net_1.png,1396272155_r-games.net_2.png,1396272215_r-games.net_3.png,1396272234_r-games.net_4.png,1396272169_r-games.net_5.png,,,,,,,https://www.pouet.net/prod.php?which=15902,17.02.26,,,,BK-Mania 1997,BK intro,5
3000225,2csi4k,"Владимир Кутяков (KUVO), Кутякова И.С.(KISS)",CAROLINE SOFTWARE,1997,БК0010 (11М),4k,1997,,,,Демонстрационная программа для конкурса БКмания'97 Кутякова И.С.(KISS) CAROLINE SOFTWARE 1997,2csi4k.zip,,,,,,,,,,00087008.png,1396428026_r-games.net_1.png,1396428012_r-games.net_2.png,1396428013_r-games.net_3.png,1396428050_r-games.net_4.png,,,,,,,,https://www.pouet.net/prod.php?which=87008,17.02.26,https://youtu.be/QN-EFQa16QQ,,,BK-Mania 1997,BK demo,n/a
92,ОГНЕННЫЕ БУКВЫ,Севостьянов Олег,СОК CORPORATION,1997,БК0010 (11М),demo,1997.08.11,,,,Севостьянов Олег СОК CORPORATION 1997.08.11,firelett.zip,,,,,,,,,,1396269456_r-games.net_1.png,1396269443_r-games.net_2.png,1396269463_r-games.net_3.png,1396269376_r-games.net_4.png,,,,,,,,,https://r-games.net/92-4k-intro-bk-maniya-97-ognennye-bukvy.html,,,,,,,
93,ПРОВИНЦИЯ,Дмитрий Рябцев,,1997,БК0010 (11М),demo,1997.07.24,,,,"В данном демо демонстрируются способы вывода картинки на экран и способы, которыми оную картинку можно убрать с того экрана. Длина программы: 7762 Время демонстрации: 45 сек. Монитор: черно-белый Демка была доработана в соответствии с условиями конкурса, а именно убраны п/п обращения к ПЗУ 24.07.97",province4k.zip,,,,,,,,,,1396269073_r-games.net_1.png,,,,,,,,,,,,https://r-games.net/93-4k-intro-bk-maniya-97-provinciya.html,,,,,,,
178,СЧАСТЬЕ ЕСТЬ,Левин А.,LA software,1997,БК0011М,demo,1997,,,,Довольно неплохая демка. Довольно неплохая демка. Левин А. LA software 1997,happy_demo.zip,,,,,,,,,,1395735945_r-games.net_1.png,1395735935_r-games.net_2.png,1395735958_r-games.net_3.png,1395735987_r-games.net_4.png,,,,,,,,,https://r-games.net/178-bk-maniya-97-megademo-schaste-est-chast-4.html,,,,,,,
3000226,Adverticement,Владимир Кутяков (KUVO),CAROLINE SOFTWARE,1997,БК0010 (11М),intro,1997,,,,,csi-advert.zip,,,,,,,,,,00015904.png,,,,,,,,,,,,https://www.pouet.net/prod.php?which=15904,17.02.26,,,,,,
48333,ANDREY,Mup & Maxi G.C.,,1997,БК0011М,demo,1997,,,,Поздравительная открытка в виде демки Поздравительная открытка в виде демки Mup & Maxi G.C. 1997,andrey.zip,,,,,,,,,,1626929760_1.png,1626929734_2.png,,,,,,,,,,,https://r-games.net/48333-andrey.html,,,,,,,
82,APPRO,,,1997,БК0010 (11М),demo,,,,,Демонстрационная программа для конкурса БКмания'97 Демонстрационная программа для конкурса БКмания'97,appro.zip,,,,,,,,,,1396427466_r-games.net_1.png,1396427496_r-games.net_2.png,1396427481_r-games.net_3.png,1396427522_r-games.net_4.png,,,,,,,,,https://r-games.net/82-4k-intro-bk-maniya-97-appro.html,,,,,,,
83,BLOODY SCREEN,ET corp,,1997,БК0010 (11М),demo,1997,,,,Демонстрационная программа для конкурса БКмания'97 Демонстрационная программа для конкурса БКмания'97 ET corp 1997,blood4k.zip,,,,,,,,,,1396426988_r-games.net_1.png,1396427068_r-games.net_2.png,1396427016_r-games.net_3.png,,,,,,,,,,https://r-games.net/83-4k-intro-bk-maniya-97-bloody-screen.html,,,,,,,
3000224,duckhunt (light gun only),Владимир Кутяков (KUVO),CAROLINE SOFTWARE,1997,БК0010 (11М),game,1997,,,,,duckhunt.zip,,,,,,,,,,00087012.png,,,,,,,,,,,,https://www.pouet.net/prod.php?which=87012,17.02.26,,,,,,
48334,MAX29MAY,Mup & Maxi G.C.,,1997,БК0011М,demo,1997,,,,Поздравление с днём рождения оно же intro демо Поздравление с днём рождения оно же intro демо Mup & Maxi G.C. 1997,max29may.zip,,,,,,,,,,1626930247_1.png,,,,,,,,,,,,https://r-games.net/48334-max29may.html,,,,,,,
144,MONSTER-DEMO (БК0011),Alexsoft,,1997,БК0010 (11М),demo,1997,,,Английский,Демонстрация возможностей БК Демонстрация возможностей БК Alexsoft 1997,monster_demo.zip,,,,,,,,,,1395836198_r-games.net_1.png,1395836238_r-games.net_2.png,,,,,,,,,,,https://r-games.net/144-monster-demo-bk0011.html,,,,,,,
86,POILY DEMO,Закиров Ленар,,1997,БК0010 (11М),demo,1997,,,,"Демонстрационная программа, участвовавшая в конкурсе БКмания'97 Демонстрационная программа, участвовавшая в конкурсе БКмания'97 Закиров Ленар 1997",polly_dem.zip,,,,,,,,,,1396425509_r-games.net_1.png,1396425571_r-games.net_2.png,1396425478_r-games.net_3.png,1396425543_r-games.net_4.png,1396425534_r-games.net_5.png,,,,,,,,https://r-games.net/86-4k-intro-bk-maniya-97-poily-demo.html,,,,,,,
90,UNKNOWN LOGO,Владимир Кутяков (KUVO),CAROLINE SOFTWARE,1997,БК0010 (11М),demo,1997,,,,Демонстрация возможностей БК. Демонстрация возможностей БК. Кутяков Владимир CAROLINE SOFTWARE 1997,1csi4k.zip,,,,,,,,,,1396270597_r-games.net_1.png,1396270601_r-games.net_2.png,1396270586_r-games.net_3.png,,,,,,,,,,https://r-games.net/90-4k-intro-bk-maniya-97-unknown-logo.html,,,,,,,
174,UNREAL (DEMO) (БК0011M),Alexsoft,,1997,БК0011М,demo,22.03.97,,,Английский,"Демонстрация возможностей БК, всё сделано довольно неплохо ",UNREAL.zip,,,,,,,,,,1395737692_r-games.net_1.png,1395737660_r-games.net_2.png,,,,,,,,,,,https://r-games.net/174-unreal-demo-bk0011m.html,,,,,,,
91,WINDEMO,Стас Коровин,SKcorp,1997,БК0010 (11М),demo,1997,,,,"Внешний вид демки напоминает рабочий экран WINDOWS 3.1. В одном из открытых окон вращается Земля, далее по ходу демо, открываются ещё окна, в одном из которых также начинает вращаться Земля с моргающей надписью БК-МАНИЯ 97. Внешний вид демки напоминает рабочий экран WINDOWS 3.1. В одном из открытых",windemo.zip,,,,,,,,,,1396270072_r-games.net_1.png,1396270048_r-games.net_2.png,1396270053_r-games.net_3.png,,,,,,,,,,https://r-games.net/91-4k-intro-bk-maniya-97-windemo.html,,,,,,,
3000227,Beatles,Мачуговский А. (Manwe/SandS),Strogino PC,1996,БК0010 (11М),4k,october 1996,,,,Всем любителям BEATLES посвящается. Мачуговский А. STROGINO PC 5th at BK-Mania 1996,beatles.zip,,,,,,,,,,00015897.png,1373965307_1.png,1373965323_2.png,1373965330_3.png,1373965280_4.png,,,,,,,,https://www.pouet.net/prod.php?which=15897,17.02.26,,,,BK-Mania 1996,BK intro,5
3000231,Cindy 4k,Мачуговский А. (Manwe/SandS),Strogino PC,1996,БК0010 (11М),4k,october 1996,,,,Демонстрация возможностей БК Мачуговский А. STROGINO PC 1996 3rd at BK-Mania 1996,cindy4k.zip,,,,,,,,,,00015893.png,1315919268_1.jpg,1315919315_2.jpg,1315919263_3.jpg,1315919240_4.jpg,,,,,,,,https://www.pouet.net/prod.php?which=15893,17.02.26,,,,Enlight 1996,BK intro,disqualified
79,CRAZY POINTS (ШАЛЬНЫЕ ТОЧКИ),VAL company,,1996,БК0010 (11М),4k,october 1996,,,,Демонстрационная программа для конкурса БКмания'96 VAL company 1996 1st at BK-Mania 1996,crazy_points.zip,,,,,,,,,,1396428798_r-games.net_1.png,1396428765_r-games.net_2.png,,,,,,,,,,,https://www.pouet.net/prod.php?which=15894,17.02.26,,,,BK-Mania 1996,BK intro,1
72,HEARTS4K,Романович,LXE,1996,БК0010 (11М),4k,october 1996,,,,"В демке куча сердечек, и всевозможных метаморфоз с ним. Романович LXE 1996 4th at BK-Mania 1996",hearts4k.zip,,,,,,,,,,1396610394_r-games.net_1.png,1396610343_r-games.net_2.png,1396610402_r-games.net_3.png,1396610409_r-games.net_4.png,,,,,,,,,https://www.pouet.net/prod.php?which=15896,17.02.26,,,,BK-Mania 1996,BK intro,4
141,INSULT (БК0011M),MEGA BEST SOFTWARE,Mega Best Software,1996,БК0011М,demo,october 1996,,,,Insult - Демонстрация супер графических возможностей БК 0011М. MEGA BEST SOFTWARE 1996 1st at BK-Mania 1996,insultmegademo.zip,,insult21.zip,Не вошедший в основную часть 21 эпизод гига демо,,,,,,,1364473000_1.png,1364473045_2.png,1364472968_3.png,1364473020_4.png,1364472989_5.png,1364472953_6.png,1626931324_1.png,,,,,,https://www.pouet.net/prod.php?which=15889,17.02.26,http://www.youtube.com/watch?v=BLCjzHAy9Ec,,,BK-Mania 1996,BK demo,1
3000229,Scroller,,Hold Corp.,1996,БК0010 (11М),4k,october 1996,,,,,scroller.zip,,,,,,,,,,00015895.png,1396608419_r-games.net_1.png,1396608444_r-games.net_2.png,1396608421_r-games.net_3.png,1396608385_r-games.net_4.png,1396608405_r-games.net_5.png,1396608386_r-games.net_6.png,,,,,,https://www.pouet.net/prod.php?which=15895,17.02.26,,,,BK-Mania 1996,BK intro,2
78,ФИГУРЫ ЛИССАЖУ,Мочалов П.В.,,1996,БК0010 (11М),demo,1996,,,,Демонстрационная программа для конкурса БКмания'96 Демонстрационная программа для конкурса БКмания'96 Мочалов П.В. 1996,pvmdemo.zip,,,,,,,,,,1396429155_r-games.net_1.png,1396429161_r-games.net_2.png,1396429115_r-games.net_3.png,,,,,,,,,,https://r-games.net/78-4k-intro-bk-maniya-96-figury-lissazhu.html,,,,,,,
44160,CLOCK,Фролов Д.Н.,PFP (FDN),1996,БК0011М,demo,1996,,,,2 демо программы с аналоговыми часами. 2 демо программы с аналоговыми часами. Фролов Д.Н. PFP (FDN) 1996,clock.zip,,,,,,,,,,1485421996_1.png,1485421957_2.png,,,,,,,,,,,https://r-games.net/44160-clock.html,,,,,,,
71,DEMO SSY & M_SH,Савченко С.,SSY Inc.,1996,БК0010 (11М),demo,1996,,,,Демонстрационная программа для конкурса БКмания'96 Демонстрационная программа для конкурса БКмания'96 Савченко С. SSY Inc. 1996,ssym_sh.zip,,,,,,,,,,1396610879_r-games.net_1.png,1396610904_r-games.net_2.png,1396610854_r-games.net_3.png,,,,,,,,,,https://r-games.net/71-4k-intro-bk-maniya-96-demo-ssy-m_sh.html,,,,,,,
44162,DENON (БК0011М),Фролов Д.Н.,FDN GC & Simon Corp,1996,БК0011М,demo,1996,,,,"Демонстрационные программы, под общим названием DENON. Сами программы входят пакет Sleem Block. Демонстрационные программы, под общим названием DENON. Сами программы входят пакет Sleem Block. Фролов Д.Н. FDN GC & Simon Corp 1996-1999",denon_demo.zip,,,,,,,,,,1485423585_1.png,1485423527_2.png,1485423506_3.png,1485423506_4.png,1485423563_5.png,1485423505_6.png,,,,,,,https://r-games.net/44162-denon-bk0011m.html,,,,,,,
3000236,Kutiakoff's Music Release,Владимир Кутяков (KUVO),CAROLINE SOFTWARE,1996,БК0010 (11М),musicdisk,1996,,,,,music-relise.zip,,,,,,,,,,00015905.png,,,,,,,,,,,,https://www.pouet.net/prod.php?which=15905,17.02.26,,,,,,
3000234,kuvo music (disk image),Владимир Кутяков (KUVO),CAROLINE SOFTWARE,1996,БК0010 (11М),musicdisk,1996,,,,,csimusik.zip,,,,,,,,,,00087010.png,,,,,,,,,,,,https://www.pouet.net/prod.php?which=87010,17.02.26,,,,,,
73,MINI DEMO,NiOl-micro,,1996,БК0010 (11М),demo,,,,,Демонстрация возможностей скроллинга текста на БК. В архиве лежит исходный код демки на ассемблере. Демонстрация возможностей скроллинга текста на БК. В архиве лежит исходный код демки на ассемблере. NiOl-micro,nm-mini.zip,,,,,,,,,,1396609240_r-games.net_1.png,,,,,,,,,,,,https://r-games.net/73-4k-intro-bk-maniya-96-mini-demo.html,,,В архиве,,,,
164,SPIDER-DEMO (БК0011M),Alexsoft,,1996,БК0011М,demo,10.10.1996,,,Русский / Английский,Демонстрация возможностей БК Демонстрация возможностей БК Alexsoft 10.10.1996,spider_demo.zip,,,,,,,,,,1395820990_r-games.net_1.png,1395821018_r-games.net_2.png,,,,,,,,,,,https://r-games.net/164-spider-demo-bk0011m.html,,,,,,,
3000233,Stickman's World,Mup & Maxi G.C.,"Maxi Graphics Computer, MiR Corporation",1996,БК0011М,8k,1996,,,,,StWorld.zip,,,,,,,,,,00089386.gif,1626929198_1.png,1626929175_2.png,,,,,,,,,,https://www.pouet.net/prod.php?which=89386,17.02.26,,,,,,
3000235,Terminator 2,,Mega Best Software,1996,БК0010 (11М),demo,1996,,,,,terminator2_demo_bk11.zip,,,,,,,,,,00015906.png,,,,,,,,,,,,https://www.pouet.net/prod.php?which=15906,17.02.26,,,,,,
3000237,1996,Владимир Кутяков (KUVO),CAROLINE SOFTWARE,1995,БК0010 (11М),demo,december 1995,,,,,csi-1996.zip,,,,,,,,,,00015903.png,,,,,,,,,,,,https://www.pouet.net/prod.php?which=15903,17.02.26,,,,,,
3000238,Strogino Sound Tracker,Мачуговский А. (Manwe/SandS),Strogino PC,1995,БК0010 (11М),demotool,june 1995,,,,,sst.zip,,,,,,,,,,00015892.gif,,,,,,,,,,,,https://www.pouet.net/prod.php?which=15892,17.02.26,https://www.youtube.com/watch?v=yyIvGLJEC08,,,,,
101,ASSORTY MEGADEMO,"AWARD AND SHK, ROC Ltd., SHK S.I.D., MUSICSOFT AND KLAV",,1995,БК0011М,demo,1995,"ROC Ltd., SHK S.I.D.",MUSICSOFT AND KLAV,,"Большая демонстрационная программа Большая демонстрационная программа AWARD AND SHK ROC Ltd., SHK S.I.D. MUSICSOFT AND KLAV 1995",assorty_demo.7z,,,,,,,,,,1364471801_1.png,1364471847_2.png,1364471843_3.png,1364471833_4.png,1364471830_5.png,,,,,,,,https://r-games.net/101-assorty-megademo.html,,,,,,,
3000239,disco club caroline's,"Алексей Мельников, Владимир Кутяков (KUVO)",CAROLINE SOFTWARE,1995,БК0011М,demo,1995,,,,Отличная демка. Алексей Мельников CAROLINE SOFTWARE Владимир Кутяков (KUVO),disco_club_caroline.zip,,disco-club-caroline.zip,,,,,,,,00087015.png,1395913975_r-games.net_1.png,1395913952_r-games.net_2.png,1395913988_r-games.net_3.png,,,,,,,,,https://www.pouet.net/prod.php?which=87015,17.02.26,,,,,,
121,DRINKING DEMO (ДЕМО) (БК0011М),"SHK SOFT, AWARD",,1995,БК0011М,demo,1995,,,,"Демонстрационная программа. SHK SOFT, AWARD 1995",drinking.zip,,,,,,,,,,1488354440_1_1.png,1488354430_1_2.png,1488354507_2_1.png,1488354436_2_2.png,1488354501_3_1.png,1488354466_3_2.png,1488354464_3_3.png,1488354453_3_4.png,1488354449_3_5.png,1488354481_4_1.png,1488354507_4_2.png,1488354468_5_1.png,https://r-games.net/121-drinking-demo-1-demo-bk0011m.html,,,,,,,
3000240,Covox demos,"RDC, Мачуговский А. (Manwe/SandS), Xpeh^LKR","Strogino PC, RDC",1994,БК0010 (11М),demopack,may 1994,,,,,BK0010-Digital-Sound.BKD,,,,,,,,,,00082746.gif,,,,,,,,,,,,https://www.pouet.net/prod.php?which=82746,17.02.26,https://www.youtube.com/watch?v=dlqfRSAOP-8&list=TLGGRrMg3v-29G0wMTA2MjAyNA,,,,,
31693,4K-INTRO - MU * DEMO (БК0011М),Мудовской А.В.,MUDO BEST SOFTWARE,1994,БК0010 (11М),demo,1994,,,,Описание отсутствует. Мудовской А.В. MUDO BEST SOFTWARE 1994,MU_DEMO.zip,,,,,,,,,,1369911018_1.png,1369911089_2.png,,,,,,,,,,,https://r-games.net/31693-4k-intro-mu-demo-bk0011m.html,,,,,,,
3000241,csidos 3 title,Владимир Кутяков (KUVO),CAROLINE SOFTWARE,1994,БК0010 (11М),intro,1994,,,,,csidos_title.zip,,,,,,,,,,00087016.png,,,,,,,,,,,,https://www.pouet.net/prod.php?which=87016,17.02.26,https://youtu.be/T5NypVD98Ls,,,,,
3000242,cybernoid 1994,Владимир Кутяков (KUVO),CAROLINE SOFTWARE,1994,БК0010 (11М),game,1994,,,,,cybernoid.zip,,,,,,,,,,00087014.png,,,,,,,,,,,,https://www.pouet.net/prod.php?which=87014,17.02.26,,,,,,
3000243,chess club caroline's,Владимир Кутяков (KUVO),CAROLINE SOFTWARE,1993,БК0010 (11М),game,1993,,,,,chess11m.zip,,,,,,,,,,00087011.png,,,,,,,,,,,,https://www.pouet.net/prod.php?which=87011,17.02.26,https://www.youtube.com/watch?v=rPP-w1eWBME,,,,,
112,CRASH (ДЕМО) (БК0011М),"Алексей Мельников, Владимир Кутяков (KUVO)",CAROLINE SOFTWARE,1992,БК0011М,demo,1992,Владимир Кутяков (KUVO),,,Демонстрация возможностей БК0011М с музыкальным сопроцессором. Алексей Мельников CAROLINE SOFTWARE Владимир Кутяков (KUVO),crash_demo.zip,,crash.zip,,,,,,,,1395989955_r-games.net_1.png,00087013.png,,,,,,,,,,,https://www.pouet.net/prod.php?which=87013,17.02.26,,,,,,
3000245,silkworm 1992,Владимир Кутяков (KUVO),CAROLINE SOFTWARE,1992,БК0010 (11М),game,1992,,,,,silkworm.zip,,,,,,,,,,00087007.png,,,,,,,,,,,,https://www.pouet.net/prod.php?which=87007,17.02.26,,,,,,
105,BK DEMO,"Горбунов Д., Болькховитянов Д., Ляпидевский П.",NPCsoft,1991,БК0010 (11М),demo,1991,,,Английский,"Демонстрация возможностей компьютера БК Демонстрация возможностей компьютера БК Горбунов Д., Болькховитянов Д., Ляпидевский П. NPCsoft 1991",bkdemo.zip,,,,,,,,,,1395997400_r-games.net_1.png,1395997416_r-games.net_2.png,1395997457_r-games.net_3.png,1395997391_r-games.net_4.png,1395997429_r-games.net_5.png,1395997411_r-games.net_6.png,,,,,,,https://www.pouet.net/prod.php?which=84341,17.02.26,https://www.youtube.com/watch?v=HqFBLMvckc4,,,,,
30993,ЕЛЬЦИН (ДЕМО),,,,БК0010 (11М),demo,,,,,Такая демка могла появится только в перестроечное время. Такая демка могла появится только в перестроечное время.,YELTSIN.DEM.zip,,,,,,,,,,1358855942_1.png,1358855948_2.png,1358855968_3.png,,,,,,,,,,https://r-games.net/30993-elcin-demo.html,,,,,,,
180,КРАСОТА (ДЕМО),,,,БК0010 (11М),demo,,,,,"Точное название данного демо не смогли определить, назвали по имени файла, если кто знает точное название отпишитесь в комментариях или на почту. Красиво сделанная демонстрашка - звездное небо, на фоне которого вращается Земля. Точное название данного демо не смогли определить, назвали по имени",krasota.zip,,,,,,,,,,1395734121_r-games.net_1.png,,,,,,,,,,,,https://r-games.net/180-krasota-demo.html,,,,,,,
96,ADVERT 3 (ДЕМО),,,,БК0010 (11М),demo,,,,,Оригинальная демка.,advert3.zip,,,,,,,,,,1396266487_r-games.net_1.png,1396266461_r-games.net_2.png,1396266459_r-games.net_3.png,,,,,,,,,,https://r-games.net/96-advert-3-demo.html,,,,,,,
70,DEMLIS (БК0011М),Гришин А.,,,БК0011М,demo,,,,,Демонстрация графических возможностей БК.,demlis.zip,,,,,,,,,,1396611261_r-games.net_1.png,1396611285_r-games.net_2.png,1396611293_r-games.net_3.png,,,,,,,,,,https://r-games.net/70-4k-intro-bk-maniya-96-demlis-bk0011m.html,,,,,,,
20847,EAGLE FDN,Фролов Д.Н.,FDN,,БК0011М,demo,,,,,Демка в виде летящего орла под вращающимися буквами FDN. Демка в виде летящего орла под вращающимися буквами FDN. Фролов Д.Н. FDN,eagle-fdn.zip,,,,,,,,,,1317216877_1.jpg,,,,,,,,,,,,https://r-games.net/20847-eagle-fdn.html,,,,,,,
129,FISH-DEMO,Alexsoft,,,БК0010 (11М),demo,,,,,Демонстрационная программа Демонстрационная программа Alexsoft,fish_demo.zip,,,,,,,,,,1395906492_r-games.net_1.png,1395906478_r-games.net_2.png,1395906446_r-games.net_3.png,,,,,,,,,,https://r-games.net/129-fish-demo.html,,,,,,,
139,LYRA II MEGADEMO 1 (БК0011М),Алексей Мельников,Microsoft,,БК0011М,demo,,,,,Демонстрация возможностей БК0011М Демонстрация возможностей БК0011М Мельников Алексей Microsoft,lyra-demo.zip,,,,,,,,,,1395901223_r-games.net_1.png,1395901227_r-games.net_2.png,1395901196_r-games.net_3.png,1395901170_r-games.net_4.png,1395901173_r-games.net_5.png,1395901179_r-games.net_6.png,,,,,,,https://r-games.net/139-lyra-ii-megademo-1-bk0011m.html,,,,,,,
148,NDR STUDIO (ДЕМО),Насыров Дамир (Damir Nasyroff/Adam Bazaroff),NDR studio,,БК0010 (11М),demo,,,,,Демонстрация возможностей БК Демонстрация возможностей БК. Насыров Дамир (Damir Nasyroff) NDR studio,demo.ndr.zip,,,,,,,,,,1395829799_r-games.net_1.png,1395829736_r-games.net_2.png,,,,,,,,,,,https://r-games.net/148-ndr-studio-demo.html,,,,,,,
153,POTDEMO,Сотченко Денис,RDC Software,,БК0010 (11М),demo,,,,,Демонстрация возможностей БК. Демонстрация возможностей БК. Сотченко Денис RDC Software,potdemo.zip,,,,,,,,,,1395827993_r-games.net_1.png,1395827912_r-games.net_2.png,1395827966_r-games.net_3.png,1395827930_r-games.net_4.png,1395827952_r-games.net_5.png,1395827996_r-games.net_6.png,1395827988_r-games.net_7.png,1395827971_r-games.net_8.png,,,,,https://r-games.net/153-potdemo.html,,,,,,,
957,SHOCK 4K,,,,БК0010 (11М),demo,,,,,Демонстрация графических возможностей БК0010 Демонстрация графических возможностей БК0010,shockpac.zip,,,,,,,,,,1299764666_2.jpg,,,,,,,,,,,,https://r-games.net/957-shock-4k.html,,,,,,,
162,SILICON (ДЕМО) (БК0011М),CAMCODER & KB ,CAMCODER & KB,,БК0011М,demo,,,,,Демонстрация возможностей БК0011М Демонстрация возможностей БК0011М. CAMCODER & KB,silicon.zip,,,,,,,,,,1395822634_r-games.net_1.png,1395822675_r-games.net_2.png,1395822618_r-games.net_3.png,,,,,,,,,,https://r-games.net/162-silicon-demo-bk0011m.html,,,,,,,
87,SMALL DEMONSTRATION!,Жебраков Андрей (Star software),STAR SOFTWARE,,БК0010 (11М),demo,,,,,"Демка, по задумке автора, состоит из 3-х частей: WAVE (Волна) PLANETS (Планетки) BALLMAN (Человек из кружков) Демонстрация возможностей БК. Андрей Жебраков STAR SOFTWARE",smalldemo.zip,,,,,,,,,,1396273815_r-games.net_1.png,1396273881_r-games.net_2.png,1396273885_r-games.net_3.png,,,,,,,,,,https://r-games.net/87-4k-intro-bk-maniya-97-small-demonstration.html,,,,,,,
31670,STARS (ДЕМО),,,,БК0010 (11М),demo,,,,,Демка в виде летящих в разные стороны светящихся точек Демка в виде летящих в разные стороны светящихся точек,STARS.DEM.zip,,,,,,,,,,1495702565_1.png,,,,,,,,,,,,https://r-games.net/31670-stars-demo.html,,,,,,,
31671,STARS (ДЕМО),STROGINO,,,БК0010 (11М),demo,,,,,Демка в виде звездного неба Демка в виде звездного неба STROGINO,STARS_DEMO.zip,,,,,,,,,,1368788967_1.png,,,,,,,,,,,,https://r-games.net/31671-stars-demo.html,,,,,,,
170,TEA-POT DEMO (БК0011М),SORTSOFT & KB,,,БК0011М,demo,,,,,Жанр: ДЕМО Разработчик: SORTSOFT & KB Платформа: БК0011М Демонстрационная программа под БК0011М Демонстрационная программа под БК0011М,tea-pot.zip,,,,,,,,,,1395741385_r-games.net_1.png,1395741410_r-games.net_2.png,1395741422_r-games.net_3.png,,,,,,,,,,https://r-games.net/170-tea-pot-demo-bk0011m.html,,,,,,,
75,TERRA1,Тимофеев Андрей,TERRA Software,,БК0010 (11М),demo,,,,,Демонстрационная программа от TERRA software Демонстрационная программа от TERRA software Тимофеев Андрей TERRA Software,terra1.zip,,,,,,,,,,1396607884_r-games.net_1.png,1396607870_r-games.net_2.png,,,,,,,,,,,https://r-games.net/75-4k-intro-bk-maniya-96-terra1.html,,,,,,,
76,TERRA2,Тимофеев Андрей,TERRA Software,,БК0010 (11М),demo,,,,,Демо с экранной лупой. Демо с экранной лупой. Тимофеев Андрей TERRA Software,terra2.zip,,,,,,,,,,1396607161_r-games.net_1.png,1396607165_r-games.net_2.png,,,,,,,,,,,https://r-games.net/76-4k-intro-bk-maniya-96-terra2.html,,,,,,,
20825,THE GROUND ON LINE,DEP SOFTWARE (ex. CAROLINE SOFTWARE) & MAXI GRAPHICS COMPUTER,,,БК0010 (11М),demo,,,,,Демо в виде бегущей строки. Демо в виде бегущей строки. DEP SOFTWARE (ex. CAROLINE SOFTWARE) & MAXI GRAPHICS COMPUTER,groline.zip,,,,,,,,,,1315986183_1.jpg,,,,,,,,,,,,https://r-games.net/20825-the-ground-on-line.html,,,,,,,
172,TOP DEMO,Сотченко Денис,RDC Software,,БК0010 (11М),demo,,,,,Демонстрация векторной графики на БК Демонстрация векторной графики на БК Сотченко Денис RDC Software,top_demo.7z,,,,,,,,,,1395738758_r-games.net_1.png,1395738749_r-games.net_2.png,,,,,,,,,,,https://r-games.net/172-top-demo.html,,,,,,,
173,TOP DEMO (БК0011М),Сотченко Денис,RDC Software,,БК0011М,demo,,,,,Демонстрация возможностей БК0011М. Демонстрация возможностей БК0011М. Сотченко Денис RDC Software,topdemo.zip,,,,,,,,,,1395738422_r-games.net_1.png,1395738427_r-games.net_2.png,,,,,,,,,,,https://r-games.net/173-top-demo-bk0011m.html,,,,,,,
77,TV GLUK,NiOl,,,БК0010 (11М),demo,,,,,"Демо представляет собой рябящий экран, на подобие ТВ экрана при отсутствии сигнала. Демо представляет собой рябящий экран, на подобие ТВ экрана при отсутствии сигнала. NiOl-micro",nm-tv.zip,,,,,,,,,,1396605557_r-games.net_1.png,,,,,,,,,,,,https://r-games.net/77-4k-intro-bk-maniya-96-tv-gluk.html,,,,,,,
